{
  "scot": {
    "method": "SCOT",
    "wall_time_sec": 37.43982529640198,
    "metrics": {
      "foscttm": {
        "foscttm_a_to_b": 0.4992177392464155,
        "foscttm_b_to_a": 0.4505978659553184,
        "foscttm_mean": 0.47490780260086696,
        "n_paired": 3000
      },
      "label_transfer_rna_to_atac": 0.13366666666666666,
      "label_transfer_atac_to_rna": 0.06666666666666667,
      "joint_clustering_ari": 0.025273034692785638,
      "_evaluation_n": 3000
    }
  }
}