{
  "exp": "exp001_brain_beta0001",
  "dataset": "brain3k_multiome",
  "n_subsample": 4000,
  "n_clusters": 20,
  "cell_level_entropy": {
    "mean": 0.6569011211395264,
    "std": 0.06696084141731262,
    "spearman_rho_vs_error": -0.38538579353387187,
    "spearman_p": 8.530037762802507e-142
  },
  "cluster_level_entropy": {
    "mean": 0.08253346383571625,
    "std": 0.10929010808467865,
    "spearman_rho_vs_error": 0.15324486546717078,
    "spearman_p": 1.9066023073874081e-22,
    "argmax_cluster_accuracy": 0.97875,
    "auroc_entropy_vs_wrong_cluster": 0.9455367740966119,
    "n_wrong_cluster_cells": 85
  },
  "top_cell_argmax": {
    "top1_cell_in_correct_cluster_rate": 0.87525
  },
  "per_cluster_wrong_rate": {
    "0": {
      "n": 340,
      "argmax_wrong_rate": 0.03529411764705882,
      "mean_cluster_entropy": 0.11132579296827316
    },
    "1": {
      "n": 296,
      "argmax_wrong_rate": 0.010135135135135136,
      "mean_cluster_entropy": 0.08714410662651062
    },
    "10": {
      "n": 201,
      "argmax_wrong_rate": 0.0845771144278607,
      "mean_cluster_entropy": 0.13368183374404907
    },
    "11": {
      "n": 331,
      "argmax_wrong_rate": 0.01812688821752266,
      "mean_cluster_entropy": 0.05124371126294136
    },
    "12": {
      "n": 130,
      "argmax_wrong_rate": 0.0,
      "mean_cluster_entropy": 0.04051120579242706
    },
    "13": {
      "n": 173,
      "argmax_wrong_rate": 0.011560693641618497,
      "mean_cluster_entropy": 0.07900646328926086
    },
    "14": {
      "n": 204,
      "argmax_wrong_rate": 0.0196078431372549,
      "mean_cluster_entropy": 0.10541806370019913
    },
    "15": {
      "n": 13,
      "argmax_wrong_rate": 0.07692307692307693,
      "mean_cluster_entropy": 0.03396260365843773
    },
    "16": {
      "n": 241,
      "argmax_wrong_rate": 0.03734439834024896,
      "mean_cluster_entropy": 0.10228229314088821
    },
    "17": {
      "n": 63,
      "argmax_wrong_rate": 0.015873015873015872,
      "mean_cluster_entropy": 0.11887077987194061
    },
    "18": {
      "n": 93,
      "argmax_wrong_rate": 0.010752688172043012,
      "mean_cluster_entropy": 0.03172196447849274
    },
    "19": {
      "n": 20,
      "argmax_wrong_rate": 0.0,
      "mean_cluster_entropy": 0.004747601691633463
    },
    "2": {
      "n": 355,
      "argmax_wrong_rate": 0.014084507042253521,
      "mean_cluster_entropy": 0.1083650216460228
    },
    "3": {
      "n": 296,
      "argmax_wrong_rate": 0.016891891891891893,
      "mean_cluster_entropy": 0.03353078290820122
    },
    "4": {
      "n": 266,
      "argmax_wrong_rate": 0.011278195488721804,
      "mean_cluster_entropy": 0.09516578167676926
    },
    "5": {
      "n": 406,
      "argmax_wrong_rate": 0.024630541871921183,
      "mean_cluster_entropy": 0.09233925491571426
    },
    "6": {
      "n": 39,
      "argmax_wrong_rate": 0.0,
      "mean_cluster_entropy": -1.2018945838576656e-09
    },
    "7": {
      "n": 137,
      "argmax_wrong_rate": 0.043795620437956206,
      "mean_cluster_entropy": 0.11385122686624527
    },
    "8": {
      "n": 257,
      "argmax_wrong_rate": 0.0,
      "mean_cluster_entropy": 0.0480765625834465
    },
    "9": {
      "n": 139,
      "argmax_wrong_rate": 0.0,
      "mean_cluster_entropy": 0.05352197587490082
    }
  }
}