{
  "base": {
    "config": {
      "beta": 0.01,
      "lambda_pred": 5.0,
      "epsilon": 0.05
    },
    "foscttm": 0.17808590005584968,
    "lt_a_to_b": 0.7248518092541804,
    "lt_b_to_a": 0.6702645315402991,
    "ari": 0.6726474171848342,
    "entropy_mean": 0.7588405927364903,
    "entropy_rho": -0.6296125668458407,
    "wall_time_sec": 232.18861889839172,
    "error": null
  },
  "beta_0.001": {
    "config": {
      "beta": 0.001,
      "lambda_pred": 5.0,
      "epsilon": 0.05
    },
    "foscttm": 0.10839232659717518,
    "lt_a_to_b": 0.9757586481465098,
    "lt_b_to_a": 0.930195523312395,
    "ari": 0.6913344195960556,
    "entropy_mean": 0.7178489259329405,
    "entropy_rho": -0.7414270050474449,
    "wall_time_sec": 222.41860795021057,
    "error": null
  },
  "beta_0.1": {
    "config": {
      "beta": 0.1,
      "lambda_pred": 5.0,
      "epsilon": 0.05
    },
    "foscttm": 0.10395376684509869,
    "lt_a_to_b": 0.8632221534105989,
    "lt_b_to_a": 0.7099884986286826,
    "ari": 0.5063935593666646,
    "entropy_mean": 0.7553478328848178,
    "entropy_rho": -0.4929691521076835,
    "wall_time_sec": 91.24459958076477,
    "error": null
  },
  "lambda_1": {
    "config": {
      "beta": 0.01,
      "lambda_pred": 1.0,
      "epsilon": 0.05
    },
    "foscttm": 0.1715029333170177,
    "lt_a_to_b": 0.8372998319030346,
    "lt_b_to_a": 0.2962930195523312,
    "ari": 0.43288568024152013,
    "entropy_mean": 0.7816759719107036,
    "entropy_rho": -0.5053774079869762,
    "wall_time_sec": 80.59886765480042,
    "error": null
  },
  "lambda_20": {
    "config": {
      "beta": 0.01,
      "lambda_pred": 20.0,
      "epsilon": 0.05
    },
    "foscttm": 0.15216992705851382,
    "lt_a_to_b": 0.7190126515084491,
    "lt_b_to_a": 0.7262673626470848,
    "ari": 0.5143764507333096,
    "entropy_mean": 0.7481606274276025,
    "entropy_rho": -0.642528587090405,
    "wall_time_sec": 81.33468270301819,
    "error": null
  },
  "no_cross_head": {
    "config": {
      "beta": 0.01,
      "lambda_pred": 0.0,
      "epsilon": 0.05
    },
    "foscttm": 0.37772099222815536,
    "lt_a_to_b": 0.04936742457754578,
    "lt_b_to_a": 0.38954259930991775,
    "ari": 0.02637692625615155,
    "entropy_mean": 0.9986079131247356,
    "entropy_rho": -0.8041445280160584,
    "wall_time_sec": 77.61998915672302,
    "error": null
  }
}