{
  "dataset": "citeseq_pbmc",
  "n_seeds": 3,
  "seeds": [
    0,
    1,
    2
  ],
  "foscttm_mean": 0.09050430019147974,
  "foscttm_std": 0.0026558151777503394,
  "lt_rna_to_atac_mean": 0.8738119484046164,
  "lt_rna_to_atac_std": 0.00553517721872469,
  "lt_atac_to_rna_mean": 0.9506534283774609,
  "lt_atac_to_rna_std": 0.009378369391031692,
  "joint_ari_mean": 0.7658763363428918,
  "joint_ari_std": 0.017739918010426983,
  "per_seed": [
    {
      "seed": 0,
      "exp": "exp001_citeseq",
      "foscttm": 0.09364522577625782,
      "lt_rna": 0.8718177189409368,
      "lt_atac": 0.959775967413442,
      "ari": 0.7909283042256838
    },
    {
      "seed": 1,
      "exp": "exp001_citeseq_seed1",
      "foscttm": 0.09071736515068819,
      "lt_rna": 0.8682535641547862,
      "lt_atac": 0.9544297352342159,
      "ari": 0.7521857857762341
    },
    {
      "seed": 2,
      "exp": "exp001_citeseq_seed2",
      "foscttm": 0.0871503096474932,
      "lt_rna": 0.8813645621181263,
      "lt_atac": 0.9377545824847251,
      "ari": 0.7545149190267574
    }
  ]
}